"OrderID","ReversalID","RefundCompletionDate","Currency","AmountRefunded","Status","DisbursementType"
"407-6544412-2101155","9Z2Osmd9RXGTNJsXSDNlqg","2024-12-28T14:04:59.914Z","INR","2,699","Completed","Refund"
"402-1667834-4457906","6FI8FhzZS5+ea0evN7LPTA","2024-12-27T13:24:20.598Z","INR","2,422","Completed","Refund"
"402-4801609-5082735","vnoOKno3QRCyR4a9bgomXQ","2024-12-01T09:18:29.666Z","INR","319","Completed","Refund"
"404-4335703-0888336","u8qAQc32TRacxpvnxloznw","2024-11-13T11:36:34.131Z","INR","265.23","Completed","Refund"
"407-4126141-1925134","T6u0saUCSEuNRWPscIXLYg","2024-10-21T23:07:37.713Z","INR","231","Completed","Refund"
"402-8122432-5431534","rcSLsMgfQhuvacn2DMRP7w","2024-10-18T07:00:12.605Z","INR","459","Completed","Refund"
"402-5988560-4041964","bKN1Sa31TCmJ3umPfZRB9A","2024-10-18T06:59:23.579Z","INR","599","Completed","Refund"
"402-5027351-7862757","dIdK7ARpQhafO5GiapMadQ","2024-10-17T21:07:30.654Z","INR","459","Completed","Refund"
"402-7598672-4255522","guXXKfAeQgOBKknfwGsfFQ","2024-10-15T06:18:55.791Z","INR","399","Completed","Refund"
"402-6795133-8037122","VDAtYzaKR2yIDvXXKMoGfQ","2024-10-15T06:07:49.409Z","INR","699","Completed","Refund"
"407-0516450-7227543","JR2rGe1eT++QalKkPFqU4Q","2024-10-13T07:02:37.525Z","INR","1,999","Completed","Refund"
"402-0952392-1989124","ixkRHe7qRBSbdHguwgRPfg","2024-10-11T09:20:36.645Z","INR","399","Completed","Refund"
"407-9824657-7319523","LBcKdKqFSv2WiqLSJ+IRdg","2024-10-11T09:19:25.352Z","INR","809","Completed","Refund"
"407-9276764-2214754","lTA7Tk8NTMuZnZt6QzD+ng","2024-10-11T09:12:33.373Z","INR","1,198","Completed","Refund"
"407-6280249-7679555","ygIjldRxTgCZX69l2nCOzA","2024-10-07T17:30:20.745Z","INR","589","Completed","Refund"
"407-8897950-9531503","PPKIn3enSmu08UAiForbAA","2024-10-07T11:11:51.729Z","INR","555","Completed","Refund"
"407-4506465-0993967","c47uRJJyTaSCevy69LDbcA","2024-10-02T22:11:20.576Z","INR","758","Completed","Refund"
"407-0740016-5477962","BEgKhQOCTjSbqvql9Ee6DA","2024-10-02T08:09:29.950Z","INR","220","Completed","Refund"
"402-3168377-6076319","8HwYLHVuQ/ivXSAZ83/AiQ","2024-08-14T18:18:00.337Z","INR","671.04","Completed","Refund"
"405-7922967-2157945","exVVs7gmSvOTyg1/ldcChw","2024-07-04T08:30:07.430Z","INR","448","Completed","Refund"
"171-7215198-3267504","NMpsW6+MRr+IjsUszMDvbQ","2024-06-27T00:08:06.255Z","INR","2,679","Completed","Refund"
"405-8489266-2110702","Fa6dFQ+rTrG7h7dYuVVDtQ","2024-05-25T11:57:53.307Z","INR","289","Completed","Refund"
"407-4850818-3158711","cW5hscS/T+OVjlKmy6rsWw","2024-05-19T07:36:26.972Z","INR","224.21","Completed","Refund"
"407-4850818-3158711","diLwupQtRoqDep30toCBuw","2024-05-19T07:33:22.243Z","INR","206.14","Completed","Refund"
"407-7932490-5815501","ry8dojeUSV6yGmx2g7QjnQ","2024-05-13T04:50:05.027Z","INR","280","Completed","Refund"
"405-6164409-4034760","3orkANQaRYOcUNz5sRbdxw","2024-05-13T04:41:02.064Z","INR","259","Completed","Refund"
"407-6620777-9220322","CFg8T0ULTjefXMYVDPd+zg","2024-05-10T09:47:55.427Z","INR","206","Completed","Refund"
"407-6620777-9220322","DzBphuzxR8avKHK/1IMjKA","2024-05-09T07:59:32.947Z","INR","269","Completed","Refund"
"405-9867113-4081151","0UAQ6l2cSvCd6vpuPljIXw","2024-04-25T06:55:20.754Z","INR","149","Completed","Refund"
"402-1602397-2437162","cD5uWST+RWW11ocOYuhR3Q","2024-04-21T12:17:25.739Z","INR","299","Completed","Refund"
"405-6640775-2949963","KQBOEn8ZT4Cnenwe38Q7/g","2024-04-18T11:40:37.828Z","INR","559","Completed","Refund"
"405-0016246-8068301","T0V5baDpSwuLghqu3N+SYQ","2024-04-13T08:47:05.852Z","INR","549","Completed","Refund"
"402-5240041-3359529","iBP3F84fS82rd9Rw2f6snw","2024-04-10T11:18:25.795Z","INR","499","Completed","Refund"
"402-5240041-3359529","gcNtGbqPQvSvmlo/d/RPdA","2024-04-07T09:39:21.149Z","INR","599","Completed","Refund"
"402-5240041-3359529","VhLGoVLDSbm3IDoPpDdi8g","2024-04-07T08:48:55.240Z","INR","399","Completed","Refund"
"402-1308473-5485920","9/Zca2r1T6+Tn7Ejyf3/9w","2024-04-02T07:57:20.413Z","INR","299","Completed","Refund"
"402-5240041-3359529","er2Hl8XfRNGHVdYntUi6Gw","2024-04-02T07:49:59.575Z","INR","236","Completed","Refund"
"407-4863830-6846739","cOUHr/PARc67xTdvh5x9Lw","2024-01-27T20:40:09.910Z","INR","209","Completed","Refund"
"407-3766714-7152314","X6U0HH+5RNSB+LhwJB4kRg","2024-01-27T15:13:55.569Z","INR","294","Completed","Refund"
"402-3848941-7903560","baivtZ6mSgWb9wc4uKq7Ww","2024-01-12T11:26:33.404Z","INR","699","Completed","Refund"
"405-4538528-0305129","QzF8wvjKTTOiANTUTO8GNw","2023-10-26T22:53:06.523Z","INR","179","Completed","Refund"
"405-9676612-8091515","TVYwEI2xQRiWZERK3ZiDtg","2023-10-26T13:29:29.564Z","INR","4,075","Completed","Refund"
"405-6228340-4589145","g99FEeM1ScOv8QRu9IW/Fw","2023-10-21T07:53:18.188Z","INR","1,231.42","Completed","Refund"
"405-7108329-6427550","6BY8YlKnTgClOGdkBU8voA","2023-10-16T07:49:42.969Z","INR","539.1","Completed","Refund"
"405-4842825-4048335","GkZtLTopRr+NEtTiJdeKVg","2023-10-16T07:49:41.321Z","INR","1,299","Completed","Refund"
"405-1878448-4185913","DarxvN73RVSmlCrIqdXxzQ","2023-10-01T07:13:42.655Z","INR","599","Completed","Refund"
"405-9193673-5876319","J4I2aJQTSmeEzL/yLTO6fA","2023-09-14T08:03:10.189Z","INR","385","Completed","Refund"
"405-0359098-7441108","JfsHk3GERMuiv0jtfalGCQ","2023-08-19T09:37:42.542Z","INR","298","Completed","Refund"
"405-7059002-6710769","qgc+/7QGQ1uFp4GBLe2VCQ","2023-08-11T09:03:26.270Z","INR","1,495","Completed","Refund"
"405-2457649-7624333","0leShy7xTKyLL20+z2O5BA","2023-08-05T13:18:41.549Z","INR","711.55","Completed","Refund"
"405-9484242-8789142","pkN0LpnuT7WLUXB97GFqEw","2023-07-28T09:39:42.901Z","INR","628","Completed","Refund"
"405-9484242-8789142","SE0S2lCmRmSC+ouyMQU65A","2023-07-26T09:42:55.332Z","INR","259","Completed","Refund"
"405-6590860-1337949","6Ga5NWaXT4W4Q+In93/mYw","2023-07-23T08:58:44.008Z","INR","690","Completed","Refund"
"405-3092324-2009169","QF1SrPCRQ2G0PPzAq0sc6Q","2023-06-12T06:08:40.417Z","INR","2,753","Completed","Refund"
"405-6416538-0086755","lne18QBjRU+MaOOQYTSKPQ","2023-06-09T07:39:32.935Z","INR","699","Completed","Refund"
"405-6416538-0086755","KEZdyoVuS4yFYnwalf7blg","2023-06-09T07:37:23.335Z","INR","437","Completed","Refund"
"405-6910296-7209940","cV7l9xhvRJi+4vV6ZCEyUQ","2023-06-07T05:32:47.329Z","INR","399","Completed","Refund"
"405-3092324-2009169","ejK7ZyV7T2qoR7tUlPGWPA","2023-06-05T06:27:17.588Z","INR","3,923","Completed","Refund"
"405-3092324-2009169","Vfe0k2GbQ16/dWSq74YrkA","2023-06-05T06:25:57.218Z","INR","589","Completed","Refund"
"405-1783686-9769912","0TMk3gRPTcqQ8kfupWnzSw","2023-06-03T07:46:42.076Z","INR","290","Completed","Refund"
"405-3850483-6573900","j0LGtC0wQ/emA7+jqP1Y0g","2023-04-09T06:19:03.472Z","INR","847","Completed","Refund"
"405-6637059-7103543","YrRifsvuR4m5vih9wvvSSg","2023-04-09T05:57:55.034Z","INR","531.05","Completed","Refund"
"405-7200239-4084321","XMBKXhKvQH2PbYXip8mMHg","2023-03-31T14:29:20.020Z","INR","230.51","Completed","Refund"
"406-5953762-6208361","i79oskp/TuySGPLyZ7iMeQ","2023-02-10T01:20:38.215Z","INR","394","Completed","Refund"
"405-8147398-7642733","UkdqEzSDQrqB6HRgxUYDLg","2023-01-25T11:57:10.969Z","INR","275","Completed","Refund"
"405-8769308-7513130","PbZdiTadRBW1/d2kkL3LCw","2023-01-19T12:13:57.931Z","INR","506","Completed","Refund"
"405-0442417-5757141","JUGrKDs9RJiXh8Ms30fHFg","2023-01-14T18:48:07.249Z","INR","2","Completed","Refund"
"405-0567745-8761926","upeeY7xyROKBCKIu/BmdjA","2023-01-08T09:18:10.809Z","INR","1,199","Completed","Refund"
"405-0567745-8761926","T+g+qFC1SuuJq73oQBuOiA","2023-01-05T10:20:19.116Z","INR","159","Completed","Refund"
"403-7273155-9661124","R3jUV+89SnuVZbNCnoBbCw","2022-11-29T06:48:45.466Z","INR","646","Completed","Refund"
"403-7273155-9661124","BtkvTWy3SzawFNWzwffi3g","2022-11-28T05:49:13.290Z","INR","1,199","Completed","Refund"
"403-3877910-3206727","4/5tmEgqQQCms6Akf39s6g","2022-11-27T13:06:55.818Z","INR","799","Completed","Refund"
"403-3877910-3206727","5bm5XikKTxOHs93o5rhYVg","2022-11-27T12:53:24.314Z","INR","714","Completed","Refund"
"403-7273155-9661124","ubAQg1ryQAiXxkA6cqwGtQ","2022-11-23T08:25:29.228Z","INR","1,199","Completed","Refund"
"403-7273155-9661124","np6pVRIHSXCsMdeXxDtWTA","2022-11-23T08:19:54.342Z","INR","1,199","Completed","Refund"
"405-0901687-3403555","IgyM/7bBRu+FeMenPg7//Q","2022-11-17T11:29:07.912Z","INR","180","Completed","Refund"
"405-6660925-4797156","CqmvxRnFRlyl6uf/v7J8oA","2022-11-16T11:04:16.886Z","INR","269","Completed","Refund"
"405-6660925-4797156","FrlVPeg7QvaaklHD4c1x4w","2022-11-15T08:17:26.872Z","INR","349","Completed","Refund"
"403-7273155-9661124","444/JoKQT1a/Kti7X+mAJQ","2022-11-07T09:22:25.927Z","INR","520","Completed","Refund"
"403-7273155-9661124","leofrheTQM6PuhJ05q6W2g","2022-11-07T09:20:23.287Z","INR","697","Completed","Refund"
"403-7273155-9661124","KXzuJpViRVaM6wtEJg+rRA","2022-10-25T12:52:31.989Z","INR","498","Completed","Refund"
"405-6387302-3902719","lqHukRw1QOGon8ZLVKGywQ","2022-10-12T03:00:42.217Z","INR","269","Completed","Refund"
"403-9655646-9182714","Z+7N4GY4TsSdOQtlqb4zDA","2022-10-10T06:38:56.740Z","INR","1,136.65","Completed","Refund"
"405-2219380-8617945","G1Qv4x3qSRSUSd8IThutSw","2022-10-06T14:24:27.633Z","INR","245","Completed","Refund"
"408-2151329-4425946","8Byh1IURSDi+uvgx4stwAA","2022-09-16T07:57:23.808Z","INR","599","Completed","Refund"
"405-5379285-4824312","S/7O80AuQQWlv/R8xYaXyw","2022-09-07T23:52:45.003Z","INR","282","Completed","Refund"
"405-1017637-5845166","JLYGM6TOTKqP9FtJKdo18Q","2022-09-07T08:42:29.613Z","INR","169","Completed","Refund"
"405-4392601-3757904","K//V3zZXSJyz6XaSXQhNlw","2022-09-02T08:26:54.045Z","INR","1,578","Completed","Refund"
"405-4709805-2197119","82ayKtLdTyyi2C/LzDfoWg","2022-08-27T12:30:09.517Z","INR","349","Completed","Refund"
"405-7636389-0733914","y/3iiqwwRvSsMMsimAlg5g","2022-08-20T15:00:40.320Z","INR","769","Completed","Refund"
"405-6824860-1033137","EvhKGUgBRZuxBBh7aQI1Wg","2022-08-18T22:47:35.010Z","INR","150","Completed","Refund"
"405-3756818-4978764","Vk6iRzGGSnO+7efaWBdPRA","2022-08-18T10:28:19.728Z","INR","376.54","Completed","Refund"
"405-9383958-4609918","qKt4PJjjQ7qaRhmMtdGogg","2022-08-18T05:30:51.423Z","INR","592","Completed","Refund"
"405-0149961-6016368","yjDiOUbHTyu0Dqbf9d6PRg","2022-08-17T10:43:45.941Z","INR","947","Completed","Refund"
"405-0255683-8216350","N2R5klsjRrW7FQPUIAMWTw","2022-08-14T08:29:00.063Z","INR","365","Completed","Refund"
"405-0255683-8216350","e1/4FVkpRpaLMw17FNdqLg","2022-08-14T08:28:34.608Z","INR","1,340.99","Completed","Refund"
"405-0494796-5261142","L1M0ZuLnRUmqe48ykeixcg","2022-08-14T08:21:33.621Z","INR","400","Completed","Refund"
"405-0255683-8216350","FrXzK2k0T/ews7hy4vZNdQ","2022-08-13T08:32:37.908Z","INR","1,962.01","Completed","Refund"
"405-9078610-1159562","fJ711kLcROmH3ARq5zwfbg","2022-08-13T08:25:44.270Z","INR","399","Completed","Refund"
"405-2290434-5973102","Fg85vAmcQFeevibNNpoLyQ","2022-08-13T00:41:03.468Z","INR","219","Completed","Refund"
"405-9383958-4609918","YDC5iH5fRce7PCz9+h5RFQ","2022-08-12T12:36:36.707Z","INR","649","Completed","Refund"
"405-7947903-9828345","IAxBgeS/St2WCyqszt/XmA","2022-08-12T12:32:20.216Z","INR","849","Completed","Refund"
"405-5134389-1140310","exLJrlMWSZSjPiGjzlE/7w","2022-08-12T12:31:41.474Z","INR","511","Completed","Refund"
"405-6607720-0809152","pIi9AjuJRjq9XYBvoPiT6w","2022-08-11T05:56:53.334Z","INR","325","Completed","Refund"
"405-5758299-2762747","N+XCFE+qTW2KOfYJrFpWWg","2022-08-09T07:50:09.623Z","INR","399","Completed","Refund"
"405-9842653-2569968","0s7AjhDsSoykp846t7Dm+w","2022-08-07T05:23:49.219Z","INR","349","Completed","Refund"
"405-7415747-9423512","GLhJSYFTTRyxrWtqKZ+ZLw","2022-07-26T03:24:15.097Z","INR","6,999","Completed","Refund"
"405-6009195-0429146","2Usri+ZxQ0+IB/FyPposyA","2022-07-12T09:33:21.177Z","INR","2,051","Completed","Refund"
"405-8438416-8507561","l9oV7mLfTwK2ZXzELbSV2Q","2022-07-08T09:45:55.614Z","INR","3,999","Completed","Refund"
"405-2094833-0219539","T3MYvNuWRaWpLEAnmuaUGQ","2022-07-07T08:03:17.015Z","INR","299","Completed","Refund"
"403-7039486-3364337","JWHKpt6aRjiRpxLRW664RQ","2022-07-04T11:14:16.317Z","INR","579","Completed","Refund"
"403-8759623-4849960","wMGnchcpRK6lchbpGqNnag","2022-07-04T11:09:40.591Z","INR","379","Completed","Refund"
"403-7039486-3364337","dBSQmoOGQFG0wMchKkJJeg","2022-07-02T00:40:03.436Z","INR","687","Completed","Refund"
"403-9545551-8545165","Pj9TU3DSRfaRq9uOrbhFkA","2022-07-01T09:27:26.467Z","INR","255.55","Completed","Refund"
"403-2135723-9139560","TjsI6vOAT0edaC+AwE2k7w","2022-06-30T10:55:22.432Z","INR","399","Completed","Refund"
"405-4823927-2866769","3KP7WEUFRDShz8B0QgzsYA","2022-06-20T09:52:36.544Z","INR","853.41","Completed","Refund"
"405-2123349-2864354","KFM02mroRS67Fw3/XsRMjQ","2022-06-15T09:42:26.171Z","INR","449","Completed","Refund"
"405-9600495-3731553","x3OzzOoTTmuehM2FkXCqNQ","2022-06-15T09:36:22.664Z","INR","849","Completed","Refund"
"405-9600495-3731553","'+VgCt1A1QF69GRa6emWMpQ'","2022-06-14T05:05:20.644Z","INR","949","Completed","Refund"
"405-6827483-8969967","W8iC/ObuT2STc5wRUBtavg","2022-06-08T13:48:56.846Z","INR","585.15","Completed","Refund"
"405-4827803-4449953","IlH64SGNS6e0YeCAJ2nXQw","2022-06-06T10:45:21.130Z","INR","1,299","Completed","Refund"
"405-4827803-4449953","6Zkyk8MJQ7ui/5pQlleNvw","2022-06-06T10:34:25.221Z","INR","1,299","Completed","Refund"
"405-9600495-3731553","EOzaoEDsRzSORcjdJX5rKg","2022-06-06T10:34:13.125Z","INR","949","Completed","Refund"
"405-1075052-5489912","IdNYL2BRSb6xpM17cNW23g","2022-06-05T07:19:03.938Z","INR","949","Completed","Refund"
"405-2741372-9249902","cnZQ0YImTY+/q0u9e1XUCA","2022-06-04T07:47:00.582Z","INR","486","Completed","Refund"
"405-6827483-8969967","QHD++DmpQG6T/STff4P68Q","2022-06-03T10:06:47.950Z","INR","2,631.66","Completed","Refund"
"405-6827483-8969967","vD1zDnsKTkSVVS0X9qSzcw","2022-06-03T10:03:38.181Z","INR","1,278","Completed","Refund"
"405-6827483-8969967","nr5hmcOPRaulTAyFBgyvvg","2022-06-03T10:03:32.671Z","INR","1,198","Completed","Refund"
"405-9115831-8263530","E8xL+5EiQraKLe9n4ZfdRQ","2022-05-23T11:06:00.605Z","INR","444","Completed","Refund"
"405-9227063-8133913","M2oa7L31SZicIT2/uXCOmQ","2022-05-22T23:25:39.706Z","INR","444","Completed","Refund"
"405-8038446-0127529","HzskQb0NRtWFLgJJR4/C4A","2022-05-15T05:49:17.766Z","INR","650","Completed","Refund"
"405-3592168-0345905","XWO3g8cDSLWWNp49E9kGGQ","2022-05-13T09:45:54.311Z","INR","899","Completed","Refund"
"405-2066062-9864323","Cibyi9TsRhG+60Ufzmf6Lw","2022-05-13T09:45:53.821Z","INR","795","Completed","Refund"
"405-8038446-0127529","HRkwiQNtSea4kgoPsaFGjg","2022-05-12T10:36:10.620Z","INR","579","Completed","Refund"
"405-9946889-1913137","oOM5Hio5Re6iXxbN7Nohow","2022-05-11T04:22:20.355Z","INR","749","Completed","Refund"
"405-8038446-0127529","bjXOUT2WT3yB3lXz1/uigA","2022-05-10T14:59:15.089Z","INR","490","Completed","Refund"
"405-8038446-0127529","hdRVjEhvRIKmQAoNQqd1bg","2022-05-10T14:47:20.954Z","INR","580","Completed","Refund"
"405-6214361-1117169","mUuLgxsAT9C5gaOm2JN4Ag","2022-05-10T05:19:59.711Z","INR","749","Completed","Refund"
"405-4759439-5005142","j8CzDu7cSCiC+Bu/RVG5tg","2022-05-07T13:09:16.011Z","INR","315","Completed","Refund"
"405-5061547-6364335","4BY3LbjnRzqi9qeaVHYsMw","2022-05-01T08:32:31.231Z","INR","399","Completed","Refund"
"405-8622825-6578748","y1lqZPUHTvmapiNjoTWwIg","2022-04-21T10:46:10.173Z","INR","749","Completed","Refund"
"406-6859587-8752361","A/VLI7pDTvK8sPFxqY5xrA","2022-04-21T07:46:24.076Z","INR","329","Completed","Refund"
"406-4172823-4861953","GJD8HfIGTWi2iAbLeLc/+w","2022-04-17T08:39:03.499Z","INR","996","Completed","Refund"
"405-3563076-5789919","5LlCIQcATrW5ckQhjdWW1Q","2022-04-15T14:04:34.289Z","INR","6,440","Completed","Refund"
"405-7886187-0730745","N4Br9OGXQee03p1dFOohgw","2022-04-10T09:09:00.527Z","INR","996","Completed","Refund"
"406-2565711-2563543","tf1ZX5ZgRy+JZn/WsK2ZNw","2022-04-07T07:30:15.014Z","INR","299","Completed","Refund"
"405-8622595-7571563","Yqnp+/7RRSu6NLl1Dd9OHQ","2022-04-07T07:28:44.962Z","INR","1,650","Completed","Refund"
"405-7723491-2677157","3XUmnTTXT3WOAtA9+97rGA","2022-04-07T07:24:40.065Z","INR","749","Completed","Refund"
"405-6297838-7996338","tQdnzZz6T2+GcH0KQZfAjw","2022-04-06T06:03:34.382Z","INR","169","Completed","Refund"
"405-6846938-9905957","HpKy01dMQ+SY5egqIHK9EA","2022-03-31T08:52:32.332Z","INR","699","Completed","Refund"
"405-5915897-1635549","K5YhVhoITXeo/UEN6HhUyw","2022-03-25T11:32:22.406Z","INR","11,549","Completed","Refund"
"405-2026107-8061931","NN9TcdkDTDmBqV4BBg77WA","2022-03-24T08:01:42.346Z","INR","3,390.75","Completed","Refund"
"406-2133474-0496353","8e3nHkL0ScavXlgEaS8GFQ","2022-03-21T11:07:57.769Z","INR","139.49","Completed","Refund"
"405-9999321-6134718","kqVaWb4UT5mOJ3ZWGVAqcw","2022-03-20T14:57:17.296Z","INR","1,500","Completed","Refund"
"405-2026107-8061931","06emOsKUSvuM2wIHOUt+nQ","2022-03-20T14:57:15.959Z","INR","1,400.88","Completed","Refund"
"405-3038781-8417160","ByDNWTvjSyqvDvkn5XlDyg","2022-03-20T14:55:56.104Z","INR","299","Completed","Refund"
"405-3038781-8417160","ih6jKfr1Qp+f321LmwJRVA","2022-03-20T14:54:16.993Z","INR","828","Completed","Refund"
"405-2026107-8061931","jsb5NcqkQ+O461vIm3eAkQ","2022-03-20T14:53:59.299Z","INR","711.01","Completed","Refund"
"405-2026107-8061931","wiqGw+I/QH+NDCb0kHayTw","2022-03-20T14:51:37.159Z","INR","1,007.91","Completed","Refund"
"405-7845123-1035528","9EwCGHOaTI20VXJVIhKxjA","2022-03-20T14:43:43.534Z","INR","1,999","Completed","Refund"
"405-3038781-8417160","T3shUX+fQ6C8Qr6XYgTpLg","2022-03-16T07:20:13.881Z","INR","529","Completed","Refund"
"405-0126590-9883573","/Z5BfX+rQ5a5XbMiBpxKSQ","2022-03-16T07:18:39.168Z","INR","870","Completed","Refund"
"405-1885374-1991555","PPb7ABrISuCUfSVxYbswsA","2022-03-13T08:49:06.563Z","INR","1,699","Completed","Refund"
"405-8622595-7571563","FGDhVDRKTmeIk/YgYLY9vQ","2022-03-13T08:47:23.812Z","INR","1,350","Completed","Refund"
"405-7793103-5868342","o9rW1rUDQx+PPg85GyDx/A","2022-03-13T08:45:39.623Z","INR","559","Completed","Refund"
"404-0055117-8331501","ZnZ7MOSARFyqLy0O0r3TJw","2022-03-11T06:51:59.269Z","INR","8,741","Completed","Refund"
"405-7808547-3591533","UlLtwBaVSVyrbXCM5BsiAg","2022-03-11T06:50:15.859Z","INR","345","Completed","Refund"
"405-8765348-7481927","g4zNivWrQc+IxO6xe/qv6A","2022-03-11T06:44:31.010Z","INR","402","Completed","Refund"
"405-8099896-6704308","J44tvHFxSAO4yxICeKu/ZA","2022-03-03T08:12:09.835Z","INR","265","Completed","Refund"
"402-9451479-1879518","v3PmD4VgRhma0GHSOi0vCQ","2022-02-27T07:01:38.057Z","INR","99","Completed","Refund"
"404-2126741-5125131","Kwvs9EE+ToS8nt9srefBuQ","2022-02-22T09:54:56.304Z","INR","769","Completed","Refund"
"404-2126741-5125131","d4izgePXTPC9v0LrJpxVXA","2022-02-22T09:52:33.757Z","INR","799","Completed","Refund"
"405-4547035-6203536","4hXm+ke8Tl+RNem+oLVssA","2022-02-17T07:49:50.168Z","INR","375","Completed","Refund"
"404-5234429-0433113","sapT4D1ETmeCN4Wtm50zrg","2022-02-16T06:38:45.917Z","INR","449","Completed","Refund"
"404-7290456-5596301","ys33qOihS7mDrawS/XMxSA","2022-02-06T06:36:03.574Z","INR","299","Completed","Refund"
"405-3979810-8707508","WD791fMeREK9rYFJ8V8TXA","2022-02-01T10:21:00.928Z","INR","589","Completed","Refund"
"405-3979810-8707508","2xfV1JEAQNuSPY1GOnQ90Q","2022-02-01T10:17:21.641Z","INR","695","Completed","Refund"
"404-0956156-8361951","OPShI9eAQmCVnmPXrd4npw","2022-01-27T11:21:16.660Z","INR","1,824","Completed","Refund"
"404-0956156-8361951","ZmiKEzcRS7ePu0a/3ec58Q","2022-01-27T11:18:07.435Z","INR","1,650","Completed","Refund"
"404-0956156-8361951","ljgc+IwJQKebDppjdiXrAw","2022-01-27T11:18:06.698Z","INR","1,645.4","Completed","Refund"
"404-3134389-7460327","Onv8V4xTQQW4b+ddOya/5g","2022-01-27T11:04:47.302Z","INR","873.6","Completed","Refund"
"405-9410490-3961120","LMS3cYEAT6y2QfChtSlk2A","2022-01-22T15:18:14.749Z","INR","736","Completed","Refund"
"405-8020300-7831527","dqdQGX1rRG+1KSjy3LUtPQ","2022-01-22T15:15:09.610Z","INR","289","Completed","Refund"
"405-8020300-7831527","WfuKqbM4QPGCgo6QGGgfPA","2022-01-22T15:13:55.196Z","INR","1,042","Completed","Refund"
"405-9410490-3961120","IiStqitTTq+xdTCqH+LI5g","2022-01-21T08:28:50.786Z","INR","999","Completed","Refund"
"405-8020300-7831527","1R4StI5IQ8+HJgmrV0Qf4g","2022-01-20T11:21:57.538Z","INR","1,499","Completed","Refund"
"405-8020300-7831527","mYFu46S3RHaovj4ea338xg","2022-01-20T11:15:30.611Z","INR","1,499","Completed","Refund"
"405-9410490-3961120","J9wJNgWzQ2iMZWC40Fly8w","2022-01-18T15:11:22.235Z","INR","999","Completed","Refund"
"405-9410490-3961120","IHy9aaqfRsK9UTLfVPS2rg","2022-01-18T15:10:41.260Z","INR","759","Completed","Refund"
"405-8020300-7831527","imY6JXCBQpe+0l582Z/qPA","2022-01-18T15:08:14.236Z","INR","277","Completed","Refund"
"405-8020300-7831527","m0SXg+gTTQyDzB0bYJHnlw","2022-01-18T15:05:24.033Z","INR","1,424","Completed","Refund"
"405-5822243-7357923","/H64787eS/SHMFpI62/txQ","2022-01-18T15:01:32.430Z","INR","479","Completed","Refund"
"405-8020300-7831527","WfFJHjPURieriAzhyGLEkA","2022-01-18T14:58:28.459Z","INR","999","Completed","Refund"
"405-8020300-7831527","0fh3GF3gSheZRNrLFd1vkg","2022-01-18T14:52:41.617Z","INR","999","Completed","Refund"
"407-6323592-3892358","IMkcIdYKT5SyA46tv8i4PQ","2022-01-15T09:56:25.926Z","INR","349","Completed","Refund"
"405-8020300-7831527","Ia/hJbPkSROyCmrtN1UlMg","2022-01-14T09:53:42.034Z","INR","999","Completed","Refund"
"405-2632075-5687542","7Es31z4VQkSooZIqD/ghPQ","2022-01-14T09:49:38.188Z","INR","1,376","Completed","Refund"
"405-7123345-9051529","'+NfREByTRfWCknl8XZT5Rw'","2022-01-12T14:03:51.645Z","INR","514","Completed","Refund"
"405-5575725-8091502","xjCAiYddTtGAUmRcyoV5cA","2022-01-07T10:17:24.869Z","INR","7,099","Completed","Refund"
"408-9743881-8255510","rXGcZLNEToa6dGYG0OUU0Q","2022-01-07T10:04:59.075Z","INR","3,199","Completed","Refund"
"405-0431690-5017908","GHX6Y1znQW6NFgwThPFXQA","2022-01-02T08:43:05.620Z","INR","664","Completed","Refund"
"405-3921777-3876301","RIx7N35XRsqfhcg4M7GDQA","2021-12-31T07:55:43.420Z","INR","999","Completed","Refund"
"408-9743881-8255510","ggcjA0FPStinZVCZxA7FXw","2021-12-30T13:36:19.819Z","INR","2,199","Completed","Refund"
"405-3469572-0707529","XmvQIaWUT5mNqPpJSP/5ew","2021-12-29T11:07:55.011Z","INR","3,199","Completed","Refund"
"405-0637956-1421938","hv8AhtKIT4iPO2XJ1dN7PA","2021-12-19T10:29:25.330Z","INR","7,490","Completed","Refund"
"408-5766380-0025907","fikRIpj7SjSat8k4PHrDAQ","2021-12-06T22:28:03.523Z","INR","845","Completed","Refund"
"408-5766380-0025907","QtEyAicGRV6m6cszSYfigw","2021-12-06T22:07:07.774Z","INR","3,785","Completed","Refund"
"406-5406965-8827564","a4xVo9UpS0SKYd9oTwdPxg","2021-11-17T12:27:13.605Z","INR","299","Completed","Refund"
"405-0457400-9551524","uC7hCbxgQL6PTe+ZzGl79Q","2021-11-12T10:54:49.414Z","INR","1,700.65","Completed","Refund"
"404-9134228-4161938","xyPbW/CeTcOIuG0k2WnTcg","2021-10-30T07:30:10.182Z","INR","629","Completed","Refund"
"404-4975683-4892316","9xR7l6xyThiSvKpJh5kUuw","2021-10-29T08:06:35.652Z","INR","1,217","Completed","Refund"
"408-5571582-5592341","mnETjdwRSYiYSm7xyOJSRg","2021-10-21T07:08:25.043Z","INR","5,227.62","Completed","Refund"
"404-0483313-7628306","FpGA1gGRR7KybLEp88QNfA","2021-10-21T05:01:43.152Z","INR","6,885.15","Completed","Refund"
"408-8997494-8928323","4+fTz4nUSDGgHn3y9VZfOA","2021-10-21T04:58:51.949Z","INR","290","Completed","Refund"
"408-8997494-8928323","kYpVrXMDQTKJwLkIiBMF2w","2021-10-21T04:58:16.732Z","INR","230","Completed","Refund"
"408-8997494-8928323","5NL1nmMGTZKX8Mgr2U7JRQ","2021-10-21T04:58:04.826Z","INR","236","Completed","Refund"
"408-8997494-8928323","kJwPbr3mTIWDbRvjhY7Amg","2021-10-21T04:55:41.711Z","INR","115","Completed","Refund"
"405-0340450-9563555","ukY/A59URNGQT/nHffR/wQ","2021-10-20T07:59:41.096Z","INR","2,079","Completed","Refund"
"408-1060238-8722743","K2yFXEunQvqJyl7zFPP9zg","2021-10-19T06:54:20.841Z","INR","2,299","Completed","Refund"
"408-5571582-5592341","0dBw1FLSQHWUl0jKynRV0w","2021-10-17T22:06:29.143Z","INR","3,526.82","Completed","Refund"
"408-1964293-7544320","gnXPd5JgQnKaedY54ps+OQ","2021-10-17T07:19:43.398Z","INR","389","Completed","Refund"
"406-6309593-9525158","J09sxxT0QDCcLFFiX5wy0g","2021-10-17T07:18:31.046Z","INR","229","Completed","Refund"
"408-6699936-5195517","UjvYCdOATvOq/clyMOUAQw","2021-10-15T07:19:29.006Z","INR","879","Completed","Refund"
"408-1329562-6464328","LCIEx/meSX2mvdU6Sy5urQ","2021-10-12T03:35:48.448Z","INR","515.12","Completed","Refund"
"408-5377906-8988314","0PwmrDUaSmSzsAJiTBhfoQ","2021-10-12T03:35:22.488Z","INR","326.87","Completed","Refund"
"408-1861015-5611504","syXGMATtRaCTxjF+2Qe41A","2021-10-12T03:34:57.518Z","INR","699","Completed","Refund"
"408-4155811-7227569","bbUdXa4RRHGlYMH6O2Q2+A","2021-10-10T04:10:27.255Z","INR","309.07","Completed","Refund"
"408-4133323-8342753","CSSjaIieTq6Ygee1SAP6zA","2021-10-10T04:09:03.190Z","INR","399","Completed","Refund"
"408-4133323-8342753","cxVAYbK5SoGtOmVB5uY6ng","2021-10-10T03:57:06.114Z","INR","728","Completed","Refund"
"408-2938043-3696369","8v62oAvfTz+YXeFa+Affaw","2021-10-10T03:57:05.468Z","INR","733","Completed","Refund"
"408-6699936-5195517","88s9jNAmShOktr31IuNpYg","2021-10-07T11:43:36.715Z","INR","543.22","Completed","Refund"
"405-3936317-0650717","sENHMEX2TIKoGquICzgouA","2021-10-06T15:28:11.567Z","INR","140","Completed","Refund"
"405-2877973-8185145","sHFBIkAFQniNkbyQcVlvug","2021-10-01T07:31:47.453Z","INR","699","Completed","Refund"
"405-0180537-3768376","vm5sRbpCTr2lfkkXHxqflA","2021-09-24T06:10:06.129Z","INR","499","Completed","Refund"
"404-8447966-8680365","GJtnsbUaQ3m46O0sNLs4pw","2021-09-18T11:26:52.393Z","INR","459","Completed","Refund"
"405-1775136-8697151","ezLT/bE3Q22NfrmqoS5YMQ","2021-09-15T13:25:19.721Z","INR","880","Completed","Refund"
"405-8984268-4999534","XXg5rEGcSXeLs/7eIK3JUg","2021-08-30T19:31:18.301Z","INR","99","Completed","Refund"
"406-2918964-4456343","mmnCW+KFSjqz41wtHfa9TA","2021-08-19T14:40:19.453Z","INR","349","Completed","Refund"
"405-3573078-9716316","rH+evp9TSGuJD8svBhsBOg","2021-08-18T10:42:39.109Z","INR","99","Completed","Refund"
"406-2918964-4456343","U5W8XpfpTW+60cfO+/Mb/g","2021-08-14T08:19:30.033Z","INR","142","Completed","Refund"
"405-0956872-4525937","yhaHSgjoQTiSnQNEMbMItw","2021-08-07T10:22:52.438Z","INR","649","Completed","Refund"
"406-8952292-4803510","INY8iDBqQW+PsmkmTp+bsQ","2021-07-22T11:44:50.240Z","INR","710","Completed","Refund"
"406-8952292-4803510","1Mlpei/iRIG77G1uxv5ghw","2021-07-11T20:33:27.431Z","INR","980","Completed","Refund"
"404-4379341-2962729","dcIeAaWxTC+LEuLp/4dHuA","2021-07-08T16:02:21.066Z","INR","710","Completed","Refund"
"406-2354669-3803547","BVZYC9d3TNuSjSgZI5m2bQ","2021-07-02T08:50:39.341Z","INR","835","Completed","Refund"
"405-1798773-0197954","W2T4OCviT1iVaFuTyn+h+A","2021-06-28T07:51:25.229Z","INR","815","Completed","Refund"
"406-8234951-8965149","5sASTP5UTJSbGBR4P7X8QA","2021-06-22T09:01:06.051Z","INR","505","Completed","Refund"
"406-6297714-2102700","gnvIHCe3T8muM6Wr2utsIg","2021-06-19T06:44:32.790Z","INR","2,549","Completed","Refund"
"406-1686092-7915529","XLN5VSN0RRW9Meo3Owsl3g","2021-06-12T15:26:46.315Z","INR","3,103","Completed","Refund"
"405-0956003-4328360","Zb45mVcYS9CAYAQLrbDMpA","2021-06-12T12:05:00.633Z","INR","3,320","Completed","Refund"
"405-1791674-8839548","Rqg43irJR8W9xTioOjqqdA","2021-06-12T12:04:56.443Z","INR","2,549","Completed","Refund"
"405-0333814-6625116","WAE6T2mITvGz4InC2i6s1g","2021-04-17T10:48:37.868Z","INR","6,905","Completed","Refund"
"405-0333814-6625116","Z7XuXunLR7qXkLKu6VMecw","2021-04-14T08:02:37.426Z","INR","999","Completed","Refund"
"404-7975969-9157151","De80YW9iSrqWnptkG8hxHg","2021-04-13T07:20:08.440Z","INR","449","Completed","Refund"
"404-7975969-9157151","rqK2ToK+SzCuNL3HsRaRqQ","2021-04-07T11:23:25.199Z","INR","699","Completed","Refund"
"405-4376853-9909914","npo/+2oZRiuhfBXADtOWeg","2021-04-02T07:40:17.653Z","INR","5,933.56","Completed","Refund"
"404-6510402-9271534","zrwCriHvT4aSY3sCGNxfig","2021-04-02T07:37:39.875Z","INR","642.52","Completed","Refund"
"404-6510402-9271534","cO6XUoPjTaeVobxUo9WzHQ","2021-04-02T07:37:02.679Z","INR","1,873.19","Completed","Refund"
"404-6510402-9271534","e95XgWBwSNywq2e6sZHjcg","2021-04-02T07:34:50.037Z","INR","860","Completed","Refund"
"404-6510402-9271534","EIukcsenQU+ta7bGMn35Og","2021-04-02T07:33:38.263Z","INR","1,250","Completed","Refund"
"405-4376853-9909914","yiz4d8trTKW5x0smvSWvmw","2021-04-01T12:34:07.200Z","INR","6,394.44","Completed","Refund"
"405-1901048-1170762","8IjPAIeUQcCfkfrjbz4Vuw","2021-03-28T08:17:54.364Z","INR","671.93","Completed","Refund"
"405-1901048-1170762","TFx8FIvvTxKJk8EJcuV9yQ","2021-03-23T06:46:24.954Z","INR","1,839.23","Completed","Refund"
"405-2084907-0873121","42N4/oWiThGGTgdxHkVeLw","2021-03-02T10:16:59.353Z","INR","3,328","Completed","Refund"
"408-0308646-1966752","5H7k+CmsS3Gij+s5nHGwyg","2021-02-07T09:31:38.797Z","INR","470","Completed","Refund"
"405-9755620-7210706","Edh3sIcQSIS6NJElpymrpQ","2021-02-06T09:27:16.881Z","INR","748","Completed","Refund"
"405-9755620-7210706","5fentRqVTpq2aRRac0yuzw","2021-02-05T10:58:13.469Z","INR","275","Completed","Refund"
"408-1867732-8033938","byhBvZLESAiatPj8YAJfEQ","2021-01-27T07:56:08.815Z","INR","1,047","Completed","Refund"
"405-4775240-2410730","FHXKrtK0RtCz4zRGMVOPSg","2021-01-23T08:56:33.335Z","INR","1,425","Completed","Refund"
"404-8585745-0420340","1nLOqUSVQJeoQ4ICdafahA","2021-01-20T14:59:21.548Z","INR","331","Completed","Refund"
"405-8376612-4484369","CMSFNWQWSPWGYfSLFtPbxw","2021-01-16T11:50:57.091Z","INR","863","Completed","Refund"
"405-8376612-4484369","V2hvw2J/Qy+osjw2HKLr5g","2021-01-16T11:47:45.583Z","INR","365","Completed","Refund"
"405-2324186-3837915","wC/mvCizQFe4xxZUtasq5w","2020-12-22T07:46:17.850Z","INR","360","Completed","Refund"
"405-4453549-8366705","xJecAxvhTWWwWo3NpmZQNQ","2020-12-12T08:37:29.431Z","INR","5,590","Completed","Refund"
"405-4953176-6856361","/lSeWrSvRnmrtCsx1jFXSg","2020-12-02T18:51:14.136Z","INR","289","Completed","Refund"
"405-5493915-0791528","XRlt9gtHTQqwGybZJ0dpbg","2020-11-27T09:59:58.419Z","INR","1,299","Completed","Refund"
"404-1943520-6035519","ZN9XWGnESxSM0CxFzehcJA","2020-11-18T12:06:18.428Z","INR","196","Completed","Refund"
"405-1173214-0998701","U33itZuzT0yGrAdUTBGSUQ","2020-11-07T02:47:26.775Z","INR","204","Completed","Refund"
"405-2470365-9490717","7K+I9UlwTjulkFikbjBTLA","2020-10-22T14:16:47.442Z","INR","889","Completed","Refund"
"405-2985958-9799561","3Lmlj/2kTJalxXRzyNHv+w","2020-10-19T05:50:16.763Z","INR","499","Completed","Refund"
"405-5222427-8745106","4M5Xf6TjSf6cVxYE8dsQtA","2020-10-18T05:46:40.539Z","INR","449","Completed","Refund"
"405-1015849-4199506","AmvC/M23SJGioZwv3fogJQ","2020-09-22T07:09:32.239Z","INR","399","Completed","Refund"
"405-8898969-7917920","rDb1Nwt3RJaYI00TKJ3YBA","2020-09-11T05:29:31.712Z","INR","899","Completed","Refund"
"405-9231085-1369933","E3GJqLykSzOdIACXHU9W7g","2020-09-05T08:57:35.803Z","INR","629","Completed","Refund"
"405-1774424-2762720","D7dmQGDLQtK7v0cNqxWf0w","2020-09-01T09:42:11Z","INR","599","Completed","Refund"
"405-1743578-6977135","n0YI1p7wRx6kFyPSQ/5jkA","2020-08-31T12:34:07.059Z","INR","359","Completed","Refund"
"405-1162631-1499562","g97sjhzsTay0w/sFyyC4bg","2020-08-27T08:01:20.862Z","INR","437","Completed","Refund"
"405-0894891-4105141","JVSRpB6eQjiU5kLRY4xObQ","2020-08-27T07:17:58.208Z","INR","394","Completed","Refund"
"405-5280760-9692308","wSnWXktcSTyvTvgxZvUahw","2020-08-26T01:10:10.674Z","INR","259","Completed","Refund"
"405-5280760-9692308","hLVVon5FT2OEtI/1s5Wqyw","2020-08-26T00:33:06.209Z","INR","399","Completed","Refund"
"405-1162631-1499562","G/0B01HCRtCaY3AVGKavmQ","2020-08-22T11:35:13.054Z","INR","499","Completed","Refund"
"405-0429330-9347536","BEs/2UfMTz68DA0rJmzJ6A","2020-08-19T13:09:52.691Z","INR","389","Completed","Refund"
"404-9430789-3881146","vfSJiV33T0iyerzAO+SMOg","2020-08-13T09:53:40.047Z","INR","265","Completed","Refund"
"405-3198956-2673921","cvQaB++eQAuZOJKeNMmm1A","2020-08-13T09:50:52.870Z","INR","685","Completed","Refund"
"404-8173078-3085933","vIXV/yLPTcyekkWWLs8KeQ","2020-08-04T10:07:38.895Z","INR","1,699","Completed","Refund"
"405-6792659-3702760","ILv4lehnQq2LS6RsHdZEQw","2020-07-28T11:10:29.381Z","INR","1,020","Completed","Refund"
"408-7480135-0358722","KrWVe2tISPG0Za+bwkbCfQ","2020-07-24T08:33:39.551Z","INR","700","Completed","Refund"
"405-6792659-3702760","7DVFEaWsQO2hnv95brFYww","2020-07-20T12:10:16.462Z","INR","756","Completed","Refund"
"405-6792659-3702760","hAzr4IRATHqRFafTe8tDLg","2020-07-20T12:08:33.476Z","INR","399","Completed","Refund"
"405-7346298-0024303","OPjCSTouRIioflebptxtuw","2020-07-18T05:48:19.969Z","INR","229","Completed","Refund"
"405-6519277-8477917","2BfbpTsDTBqbvsYuPpX3AA","2020-07-18T05:42:42.558Z","INR","795","Completed","Refund"
"405-5485122-2750727","siVNUuUMSVeSJjnPsT/Gbw","2020-07-15T09:43:09.566Z","INR","1,610","Completed","Refund"
"408-4457017-9653166","QQLaxWGORHy1nyrqeN3cgQ","2020-07-15T09:36:54.870Z","INR","759","Completed","Refund"
"405-5485122-2750727","YsaQVw/bTQWQMF1CCKmvzA","2020-07-12T18:33:55.814Z","INR","764","Completed","Refund"
"405-3244251-9096307","GG49gpuDSaW19f4ytfa1ZA","2020-07-04T10:58:25.694Z","INR","395","Completed","Refund"
"405-3058378-0417134","shKVv68VRfSgYtzwz/wtkQ","2020-06-12T13:42:35.691Z","INR","1,000","Completed","Refund"
"405-4007494-4209908","GOl0vYOXQDq8R9KM0v3sZA","2020-03-30T12:38:43.759Z","INR","17,490","Completed","Refund"
"406-8329274-8566759","NTX1baHBSlCfwT77U4gncg","2020-03-19T14:16:55.150Z","INR","1,068","Completed","Refund"
"404-9197286-9816337","Feul4AnMREGqwUkaY+eTWQ","2020-01-22T12:42:50.600Z","INR","399","Completed","Refund"
"405-0357282-9654744","nxexahPyRuSwvUcwpuSDWw","2020-01-09T05:03:10.588Z","INR","645","Completed","Refund"
"404-1433329-6029948","T4+35w8rQF+FPsiEHePSqw","2019-11-09T15:02:39.958Z","INR","18,750","Completed","Refund"
"406-9747910-8682727","QlJl7KnJQUKMXGRIpVcqzA","2019-10-28T00:31:23.111Z","INR","11,740","Completed","Refund"
"404-3054322-2818716","I0jU6xBiToKAACRqxH+YRw","2017-08-13T19:09:20Z","INR","1,399","Completed","Refund"
"403-6327911-7476340","tzoV++f1QX6YFPBhdjjPfg","2017-07-15T18:44:57Z","INR","100","Completed","Disbursement"
"403-6327911-7476340","tzoV++f1QX6YFPBhdjjPfg","2017-07-15T18:43:54Z","INR","2,699","Completed","Refund"
"403-3634113-4037156","isZgc8c9SFOK7F8mwRq82w","2017-05-31T20:51:44Z","INR","315","Completed","Refund"
"406-5240308-1931517","9Vwzgy6IQAeTZEe/MGFz0w","2017-05-18T09:27:09Z","INR","435","Completed","Refund"
"404-4155364-4879529","BrHGMgTVR9iRWYK9/nl1EQ","2017-05-18T06:14:23Z","INR","642","Completed","Refund"
"406-8748940-8829968","c3UzP1WqTL6YlWSieM1FEw","2017-05-07T08:22:30Z","INR","1,389","Completed","Refund"
"171-4992175-4263564","'+UMQC35wSXeom7CVX6ov+g'","2016-11-21T14:18:49Z","INR","1,751","Completed","Refund"
"402-3359934-2847568","8bhAYM4nSFSVMHk9vmBFsg","2016-10-26T16:14:00Z","INR","549","Completed","Refund"
"402-7223352-9779522","hAtIVZnkRHOlhM5uZhrnHQ","2016-10-25T14:49:37Z","INR","1,299","Completed","Refund"
"171-4586809-1059502","32sLb65jRp2VEfxePvNf+A","2016-06-28T09:21:06Z","INR","749","Completed","Refund"
"404-1611300-0340343","FC005WypQKusSipyViyKeg","2016-06-06T07:03:33Z","INR","154","Completed","Refund"
"171-4241153-9335552","ggAVFEXWSQy80NR7PMqiUA","2016-05-22T08:15:15Z","INR","219.05","Completed","Refund"
"171-9016730-4829108","mx9dAUoRRG6Ni6bF1ew1vg","2016-01-06T09:48:28Z","INR","429","Completed","Refund"
"171-4814046-2217101","qvEN3trsRx2SZAjXIqwySA","2016-01-04T20:38:39Z","INR","100","Completed","Disbursement"
"171-4814046-2217101","qvEN3trsRx2SZAjXIqwySA","2016-01-04T20:37:34Z","INR","849","Completed","Refund"
"402-6984923-3577153","uLgsiUqjSwuosH1YIFF/BQ","2015-11-14T18:22:39Z","INR","100","Completed","Disbursement"
"402-6984923-3577153","WXRS7S7XTEueJM2x1iKMxQ","2015-11-13T04:49:21Z","INR","725","Completed","Refund"
"404-3795826-4312336","1hJUAYoFT/eRETx9JDZTog","2015-06-02T14:04:06Z","INR","36","Completed","Disbursement"
"404-3795826-4312336","1hJUAYoFT/eRETx9JDZTog","2015-06-02T10:38:52Z","INR","339","Completed","Refund"
"403-4081228-0705923","y2vBUgg/SEqqeERM7855MQ","2014-12-10T13:06:02Z","INR","499","Completed","Refund"
"171-9592530-5587553","KE5yP2PLS5+NdSlxg5bs3g","Not Applicable","Not Applicable","Not Applicable","RefundInProgress","FATEReport"
"403-2088011-3369159","fmOP1oG0REeMknK+ZXJukA","Not Applicable","Not Applicable","Not Applicable","RefundInProgress","FATEReport"
"404-4921345-9067554","SHdRBRzRSa2yGmEa4B+FnA","Not Applicable","Not Applicable","Not Applicable","Skipped","Refund"
"404-4921345-9067554","SHdRBRzRSa2yGmEa4B+FnA","Not Applicable","Not Applicable","Not Applicable","RefundInProgress","FATEReport"
"404-7395908-6324316","onxTMi4LQ/C8el1OdY42aQ","Not Applicable","Not Applicable","Not Applicable","RefundInProgress","FATEReport"
"406-7238093-8847567","1dAGO3A+S7yaAJofymY9bQ","Not Applicable","Not Applicable","Not Applicable","RefundInProgress","FATEReport"
"171-9889127-8829956","0IFiz6M2SKy4SktWMoRnJw","Not Applicable","Not Applicable","Not Applicable","RefundInProgress","FATEReport"
"402-3213326-2557155","vZ0C563aRHGWfJ2f8I2NmQ","Not Applicable","Not Applicable","Not Applicable","RefundInProgress","FATEReport"
"403-2435949-6594719","d8vufCkQTFKalZ2pagGsEQ","Not Applicable","Not Applicable","Not Applicable","RefundInProgress","FATEReport"
"408-3115096-5312320","RW208g1FSEOPkAxI+IEaYw","Not Applicable","Not Applicable","Not Applicable","Skipped","Refund"
"408-3115096-5312320","RW208g1FSEOPkAxI+IEaYw","Not Applicable","Not Applicable","Not Applicable","RefundInProgress","FATEReport"
"404-6415251-5010711","EdzsCHbAQTixyY4IhBNZLQ","Not Applicable","Not Applicable","Not Applicable","RefundInProgress","FATEReport"
"404-3930112-4644342","3cBdRqn8QF+amLFTVVgzMw","Not Applicable","Not Applicable","Not Applicable","RefundInProgress","FATEReport"
"403-4418668-3760358","QVlq2VKwTvSnWlPT35nm7g","Not Applicable","Not Applicable","Not Applicable","RefundInProgress","FATEReport"
"402-7509532-0288366","'+82sNeroTA6mkCZoQ9Lylg'","Not Applicable","Not Applicable","Not Applicable","RefundInProgress","FATEReport"
"406-5420086-9558707","/2Ub0QN0SsSvn8WJmEOK5Q","Not Applicable","Not Applicable","Not Applicable","Skipped","Refund"
"406-5420086-9558707","/2Ub0QN0SsSvn8WJmEOK5Q","Not Applicable","Not Applicable","Not Applicable","RefundInProgress","FATEReport"
"402-2796979-0223526","OTDQup9iRjuIJ8ih09DlhA","Not Applicable","Not Applicable","Not Applicable","RefundInProgress","FATEReport"
"171-9632017-6449117","X6yBgUY1Q9uUVjn6MBwMvA","Not Applicable","Not Applicable","Not Applicable","RefundInProgress","FATEReport"
"404-1677273-7049125","q9r7tkauSVCbH+DFH1kx5A","Not Applicable","Not Applicable","Not Applicable","Skipped","Refund"
"404-1677273-7049125","q9r7tkauSVCbH+DFH1kx5A","Not Applicable","Not Applicable","Not Applicable","RefundInProgress","FATEReport"
"404-1611300-0340343","'+bsvYg+lShGdXNri5XK/cA'","Not Applicable","Not Applicable","Not Applicable","RefundInProgress","FATEReport"
"402-9208199-0982711","OrdI0wqRSQaId88VTB5ssQ","Not Applicable","Not Applicable","Not Applicable","RefundInProgress","FATEReport"
